frame,p1_x_mog2,p1_y_mog2,p2_x_mog2,p2_y_mog2,ball_x_mog2,ball_y_mog2,p1_x_yolo,p1_y_yolo,p2_x_yolo,p2_y_yolo,ball_x_yolo,ball_y_yolo
1,,,,,,,416.3854675292969,459.4784851074219,149.77398681640625,1977.271484375,,
2,,,,,,,416.3854675292969,459.4784851074219,149.77398681640625,1977.271484375,,
3,,,,,,,415.0443115234375,459.5107727050781,149.77398681640625,1977.271484375,,
4,,,,,,,415.0443115234375,459.5107727050781,149.77398681640625,1977.271484375,,
5,,,,,,,415.0443115234375,459.5107727050781,149.98223876953125,1979.2591552734375,,
6,,,,,,,413.7031555175781,459.5430603027344,149.98223876953125,1979.2591552734375,,
7,,,,,226.51858520507812,476.4588623046875,413.8066711425781,453.2984313964844,149.77398681640625,1977.271484375,,
8,,,,,,,413.7031555175781,459.5430603027344,149.98223876953125,1979.2591552734375,,
9,,,,,,,415.0443115234375,459.5107727050781,149.98223876953125,1979.2591552734375,,
10,,,,,,,415.0443115234375,459.5107727050781,149.98223876953125,1979.2591552734375,,
11,,,,,,,415.0443115234375,459.5107727050781,149.98223876953125,1979.2591552734375,,
12,,,,,150.689208984375,1863.3746337890625,413.7031555175781,459.5430603027344,149.98223876953125,1979.2591552734375,,
13,,,,,,,415.1502380371094,453.26605224609375,149.98223876953125,1979.2591552734375,,
14,,,,,,,413.7031555175781,459.5430603027344,149.77398681640625,1977.271484375,,
15,,,,,,,413.7031555175781,459.5430603027344,149.77398681640625,1977.271484375,,
16,,,,,,,412.36199951171875,459.5753479003906,149.77398681640625,1977.271484375,,
17,,,,,,,412.36199951171875,459.5753479003906,149.77398681640625,1977.271484375,,
18,149.68084716796875,1794.2509765625,,,,,411.1195983886719,453.3631591796875,150.32373046875,1975.2652587890625,,
19,149.68084716796875,1794.2509765625,,,,,411.1195983886719,453.3631591796875,149.77398681640625,1977.271484375,,
20,149.68084716796875,1794.2509765625,,,313.4563903808594,784.164794921875,411.1195983886719,453.3631591796875,151.08213806152344,1975.250732421875,,
21,149.68084716796875,1794.2509765625,,,396.1790466308594,220.22946166992188,411.0208740234375,459.6076354980469,151.84056091308594,1975.2362060546875,,
22,149.68084716796875,1794.2509765625,123.49374389648438,1979.7667236328125,422.3236083984375,117.18651580810547,411.0208740234375,459.6076354980469,153.35740661621094,1975.2071533203125,,
23,147.66001892089844,1840.885009765625,123.49374389648438,1979.7667236328125,,,411.0208740234375,459.6076354980469,154.1158447265625,1975.192626953125,,
24,147.66001892089844,1840.885009765625,123.49374389648438,1979.7667236328125,,,409.67974853515625,459.6399230957031,155.63272094726562,1975.1634521484375,,
25,131.1363525390625,1932.77294921875,123.49374389648438,1979.7667236328125,,,409.77606201171875,453.3955383300781,156.3911590576172,1975.14892578125,,
26,142.52847290039062,1959.30322265625,123.49374389648438,1979.7667236328125,,,409.77606201171875,453.3955383300781,157.14959716796875,1975.1343994140625,,
27,142.52847290039062,1959.30322265625,123.49374389648438,1979.7667236328125,,,409.77606201171875,453.3955383300781,158.10829162597656,1977.1116943359375,,
28,142.52847290039062,1959.30322265625,123.49374389648438,1979.7667236328125,,,409.77606201171875,453.3955383300781,158.86598205566406,1977.09716796875,,
29,142.52847290039062,1959.30322265625,123.49374389648438,1979.7667236328125,,,409.77606201171875,453.3955383300781,159.62367248535156,1977.0826416015625,,
30,144.37249755859375,1969.3682861328125,123.49374389648438,1979.7667236328125,,,409.77606201171875,453.3955383300781,159.62367248535156,1977.0826416015625,,
31,145.8012237548828,1961.2686767578125,123.49374389648438,1979.7667236328125,,,409.77606201171875,453.3955383300781,160.38136291503906,1977.068115234375,,
32,146.6889190673828,1955.154052734375,123.49374389648438,1979.7667236328125,,,409.77606201171875,453.3955383300781,161.13906860351562,1977.0535888671875,,
33,148.5633087158203,1951.0321044921875,123.49374389648438,1979.7667236328125,,,409.77606201171875,453.3955383300781,161.8967742919922,1977.0390625,,
34,150.4454345703125,1946.8931884765625,123.49374389648438,1979.7667236328125,,,409.77606201171875,453.3955383300781,161.8967742919922,1977.0390625,,
35,151.0043487548828,1944.82470703125,123.49374389648438,1979.7667236328125,,,409.67974853515625,459.6399230957031,162.65447998046875,1977.0245361328125,,
36,150.79348754882812,1942.766845703125,123.49374389648438,1979.7667236328125,,,409.67974853515625,459.6399230957031,162.65447998046875,1977.0245361328125,,
37,151.35391235351562,1940.6898193359375,,,,,409.67974853515625,459.6399230957031,162.65447998046875,1977.0245361328125,,
38,151.28250122070312,1932.3837890625,,,,,409.67974853515625,459.6399230957031,162.65447998046875,1977.0245361328125,,
39,151.28250122070312,1932.3837890625,,,,,409.67974853515625,459.6399230957031,162.65447998046875,1977.0245361328125,,
40,417.6163024902344,465.6687927246094,147.70425415039062,1824.807373046875,,,411.0208740234375,459.6076354980469,161.7003631591797,1975.047119140625,,
41,417.7266540527344,459.4461975097656,145.93617248535156,1772.6785888671875,,,412.36199951171875,459.5753479003906,160.7443084716797,1973.065673828125,,
42,418.06005859375,440.6441650390625,144.64996337890625,1750.6181640625,311.8092346191406,461.99578857421875,412.26123046875,465.797607421875,160.54632568359375,1971.065673828125,,
43,419.1809997558594,453.1689453125,145.25723266601562,1748.1243896484375,,,413.5999755859375,465.7654113769531,160.9107208251953,1967.038818359375,,
44,421.39892578125,477.95147705078125,156.0856475830078,1861.0360107421875,,,414.9387512207031,465.7331848144531,159.9145965576172,1956.936279296875,,
45,422.3783264160156,496.32427978515625,162.13153076171875,1932.1741943359375,,,415.0443115234375,459.5107727050781,159.71414184570312,1954.9034423828125,,
46,422.3783264160156,496.32427978515625,165.68533325195312,1976.9664306640625,,,415.1502380371094,453.26605224609375,158.74627685546875,1952.881103515625,,
47,422.3783264160156,496.32427978515625,167.9662628173828,2000.560791015625,,,417.83740234375,453.2013244628906,157.57318115234375,1948.809326171875,,
48,422.0235290527344,296.274169921875,168.15567016601562,2010.23974609375,,,418.06005859375,440.6441650390625,157.16542053222656,1944.7059326171875,,
49,417.4866027832031,396.0069274902344,168.3421630859375,2012.1611328125,,,415.3632507324219,440.7092590332031,156.75596618652344,1940.585693359375,,
50,415.6252136230469,343.60833740234375,167.96881103515625,2008.314453125,,,415.3632507324219,440.7092590332031,157.32315063476562,1938.5042724609375,,
51,414.6737365722656,316.8240661621094,168.3411102294922,2004.438232421875,,,411.4178771972656,434.4947814941406,156.70692443847656,1932.279052734375,,
52,417.5807189941406,309.9883117675781,167.21206665039062,1992.7591552734375,,,408.9072265625,421.8677673339844,156.5006561279297,1930.1953125,,
53,413.06488037109375,330.31695556640625,165.6970977783203,1984.9090576171875,,,404.75201416015625,428.323486328125,155.6713409423828,1921.8172607421875,,
54,414.7833251953125,310.0570068359375,164.9276123046875,1976.98095703125,,,403.39886474609375,428.356201171875,156.03466796875,1917.5870361328125,,
55,408.99072265625,323.7026062011719,164.34640502929688,1970.9927978515625,,,400.6119079589844,434.7557678222656,155.61729431152344,1913.3541259765625,,
56,402.023681640625,323.8733825683594,162.99929809570312,1964.9825439453125,,,399.2611999511719,434.78839111328125,154.9879608154297,1906.9715576171875,,
57,396.5257263183594,317.2693176269531,161.81431579589844,1952.822021484375,,,399.18328857421875,441.0997009277344,155.56280517578125,1904.8199462890625,,
58,395.2763366699219,303.7467956542969,161.5866241455078,1942.5587158203125,,,397.7597961425781,447.4208068847656,154.5662078857422,1902.6943359375,,
59,395.4239807128906,290.08831787109375,160.98486328125,1936.3587646484375,,,397.7597961425781,447.4208068847656,155.14181518554688,1900.5335693359375,,
60,394.48370361328125,377.0802917480469,160.783447265625,1934.28369140625,,,399.18328857421875,441.0997009277344,155.50784301757812,1896.2138671875,,
61,397.9862976074219,428.4870300292969,159.36180114746094,1919.636474609375,,,398.951171875,459.8981628417969,155.296630859375,1894.0548095703125,,
62,398.21527099609375,409.3471374511719,159.90133666992188,1909.0123291015625,,,401.5516357421875,466.05517578125,155.0849609375,1891.8912353515625,,
63,402.5505676269531,389.8980407714844,149.25244140625,1815.4794921875,129.13365173339844,1780.275146484375,404.2289733886719,465.99078369140625,155.0849609375,1891.8912353515625,,
64,405.5581970214844,370.2678527832031,141.27072143554688,1750.6854248046875,120.6279296875,1845.96337890625,405.5676574707031,465.9585876464844,155.0849609375,1891.8912353515625,,
65,409.38812255859375,296.5849914550781,135.6063232421875,1710.407470703125,251.91363525390625,646.356689453125,408.15179443359375,472.0940246582031,155.87542724609375,1891.8758544921875,,
66,412.8352355957031,255.0681610107422,133.5636444091797,1689.6910400390625,274.9020690917969,431.4623718261719,409.4881286621094,472.0618896484375,155.0849609375,1891.8912353515625,,
67,413.92559814453125,275.874267578125,131.9165496826172,1681.840576171875,,,410.824462890625,472.02978515625,152.7135772705078,1891.9373779296875,,
68,415.6749572753906,254.99790954589844,129.038818359375,1679.25830078125,166.17787170410156,1735.2137451171875,412.16082763671875,471.9976806640625,150.3422393798828,1891.9833984375,,
69,417.2109069824219,247.96279907226562,127.56014251708984,1681.92822265625,132.61167907714844,1813.47021484375,412.16082763671875,471.9976806640625,148.76136779785156,1892.01416015625,,
70,424.3240051269531,247.78671264648438,125.14863586425781,1692.475830078125,159.19625854492188,1925.954833984375,412.16082763671875,471.9976806640625,150.1251220703125,1889.8154296875,221.8373260498047,914.21435546875
71,424.0654602050781,261.76123046875,138.32937622070312,1796.8538818359375,,,413.4971923828125,471.9655456542969,149.1154327392578,1887.658203125,,
72,428.31732177734375,261.6561584472656,142.4466552734375,1861.3026123046875,,,413.4971923828125,471.9655456542969,148.32333374023438,1887.673583984375,,
73,426.6327209472656,275.5608215332031,145.69639587402344,1900.717041015625,,,414.728759765625,478.11163330078125,148.8965606689453,1885.4810791015625,,
74,429.1807861328125,289.25714111328125,147.0132293701172,1913.5208740234375,,,417.39678955078125,478.0475769042969,146.29588317871094,1883.3455810546875,,
75,430.30841064453125,302.8857727050781,146.44973754882812,1915.6544189453125,,,417.39678955078125,478.0475769042969,144.70834350585938,1883.37646484375,,
76,430.30841064453125,302.8857727050781,139.04766845703125,1890.0308837890625,,,416.0627746582031,478.07958984375,140.17440795898438,1885.65087890625,,
77,428.7708435058594,309.7135314941406,132.73460388183594,1868.17724609375,,,417.39678955078125,478.0475769042969,137.7957305908203,1885.6971435546875,,
78,427.239013671875,316.5157775878906,128.73646545410156,1868.2552490234375,,,417.50634765625,471.86920166015625,134.38975524902344,1883.5775146484375,173.85888671875,1415.857421875
79,427.239013671875,316.5157775878906,126.58241271972656,1870.5159912109375,,,417.50634765625,471.86920166015625,133.1239776611328,1879.21630859375,167.52847290039062,1409.391845703125
80,427.239013671875,316.5157775878906,124.98491668701172,1870.5472412109375,,,417.39678955078125,478.0475769042969,130.4984893798828,1877.0675048828125,159.4647979736328,1406.249267578125
81,427.239013671875,316.5157775878906,123.13925170898438,1868.364501953125,,,418.7308349609375,478.0155334472656,128.9060516357422,1877.0985107421875,,
82,427.239013671875,316.5157775878906,122.33966827392578,1868.380126953125,,,418.7308349609375,478.0155334472656,128.10984802246094,1877.114013671875,,
83,427.239013671875,316.5157775878906,121.28966522216797,1866.17724609375,,,418.7308349609375,478.0155334472656,128.10984802246094,1877.114013671875,,
84,427.239013671875,316.5157775878906,121.54008483886719,1868.395751953125,,,418.6192932128906,484.1720275878906,128.35169982910156,1879.3092041015625,,
85,427.239013671875,316.5157775878906,122.03933715820312,1872.818603515625,,,418.7308349609375,478.0155334472656,128.35169982910156,1879.3092041015625,114.90156555175781,1390.4979248046875
86,427.239013671875,316.5157775878906,121.49113464355469,1875.03857421875,,,418.7308349609375,478.0155334472656,127.55633544921875,1879.32470703125,109.00154876708984,1390.6221923828125
87,425.7128601074219,323.292724609375,121.49113464355469,1875.03857421875,,,419.9509582519531,484.14007568359375,126.51742553710938,1877.1451416015625,98.1854476928711,1390.8502197265625
88,425.0703430175781,356.6335754394531,120.44358825683594,1872.8497314453125,,,420.06488037109375,477.9834899902344,125.72122192382812,1877.16064453125,92.63165283203125,1394.3221435546875
89,426.06365966796875,376.3116455078125,120.44358825683594,1872.8497314453125,,,420.06488037109375,477.9834899902344,114.31807708740234,1875.178466796875,,
90,427.3061218261719,382.80084228515625,118.84786224365234,1872.8809814453125,,,421.39892578125,477.95147705078125,123.88223266601562,1874.991943359375,,
91,428.67681884765625,382.76751708984375,115.91206359863281,1875.1473388671875,,,421.39892578125,477.95147705078125,123.08519744873047,1875.0074462890625,68.6101303100586,1408.1591796875
92,430.0475158691406,382.73419189453125,113.5210952758789,1875.1939697265625,,,422.6143493652344,484.076171875,124.4329833984375,1872.77197265625,,
93,426.27734375,434.1358947753906,112.72411346435547,1875.2095947265625,,,422.6143493652344,484.076171875,114.60160064697266,1870.7498779296875,,
94,426.6596374511719,415.0596008300781,111.14591217041016,1868.5987548828125,,,422.7330017089844,477.91943359375,116.74268341064453,1868.489501953125,42.581764221191406,1434.952880859375
95,426.91680908203125,402.2264709472656,110.62230682373047,1864.157470703125,,,422.7330017089844,477.91943359375,116.77652740478516,1861.8043212890625,38.568843841552734,1441.513916015625
96,426.27734375,434.1358947753906,109.83268737792969,1857.4599609375,,,422.8520812988281,471.7407531738281,119.73216247558594,1859.5087890625,,
97,427.49932861328125,440.4163818359375,107.95901489257812,1855.249267578125,,,424.4327392578125,459.2847900390625,114.8863296508789,1866.3023681640625,22.828243255615234,1461.074462890625
98,428.280029296875,402.1933898925781,107.95901489257812,1855.249267578125,,,424.4327392578125,459.2847900390625,109.29351043701172,1859.7130126953125,,
99,428.9792175292969,434.07061767578125,107.95901489257812,1855.249267578125,,,425.77398681640625,459.25250244140625,106.88684844970703,1853.0181884765625,,
100,430.0630187988281,446.64190673828125,110.65078735351562,1850.6875,,,425.77398681640625,459.25250244140625,106.35099792480469,1834.8359375,,
101,432.3697509765625,402.0942077636719,113.0700454711914,1850.64013671875,,,427.115234375,459.22021484375,109.84437561035156,1850.703369140625,,
102,432.3697509765625,402.0942077636719,112.58734893798828,1832.4171142578125,,,427.115234375,459.22021484375,105.80575561523438,1816.3350830078125,,
103,434.8094482421875,414.86224365234375,112.34283447265625,1823.1861572265625,,,428.3270263671875,465.41119384765625,106.35233306884766,1813.987548828125,,
104,435.590576171875,440.2210998535156,112.60818481445312,1825.4974365234375,,,428.3270263671875,465.41119384765625,105.529541015625,1806.962646484375,,
105,436.5044250488281,458.99420166015625,112.36296081542969,1816.2059326171875,,,429.6659240722656,465.3789978027344,106.352783203125,1806.9464111328125,96.87995910644531,1199.5074462890625
106,437.6994934082031,465.1857604980469,111.56085968017578,1809.1959228515625,,,429.7978210449219,459.1556396484375,106.07821655273438,1804.594482421875,107.10883331298828,1159.9185791015625
107,436.2171630859375,471.4195556640625,109.9161376953125,1809.2283935546875,,,429.7978210449219,459.1556396484375,105.25407409667969,1804.6107177734375,,
108,436.2171630859375,471.4195556640625,109.63450622558594,1813.9228515625,171.25930786132812,309.25262451171875,432.48040771484375,459.091064453125,104.98207092285156,1809.32568359375,,
109,435.6487731933594,496.0064392089844,110.17286682128906,1818.580810546875,,,433.8217468261719,459.05877685546875,104.71620178222656,1821.0147705078125,147.60549926757812,1051.1854248046875
110,437.8679504394531,514.1563110351562,106.8956298828125,1825.6097412109375,,,435.1630859375,459.0264892578125,98.17365264892578,1821.1435546875,,
111,438.3030090332031,495.94287109375,104.4532241821289,1832.5767822265625,,,435.1630859375,459.0264892578125,100.6270751953125,1821.09521484375,,
112,438.59564208984375,483.6927795410156,102.28845977783203,1834.9156494140625,,,436.5044250488281,458.99420166015625,99.27164459228516,1823.443359375,,
113,440.0769348144531,477.50299072265625,100.94003295898438,1837.2335205078125,,,436.5044250488281,458.99420166015625,99.27164459228516,1823.443359375,,
114,438.7427062988281,477.5350341796875,100.40525817871094,1839.5302734375,,,436.5044250488281,458.99420166015625,98.991455078125,1821.12744140625,196.00857543945312,933.566162109375
115,437.5537414550781,471.387451171875,100.40525817871094,1839.5302734375,,,437.84576416015625,458.9619140625,99.80926513671875,1821.111328125,206.4425811767578,909.8338012695312
116,438.89031982421875,471.3553161621094,98.5052261352539,1837.28125,,,437.84576416015625,458.9619140625,97.04316711425781,1811.8291015625,217.25917053222656,890.5252685546875
117,439.0384826660156,465.153564453125,98.5052261352539,1837.28125,,,439.486083984375,446.4147033691406,97.89196014404297,1818.822509765625,228.21319580078125,870.9713745117188
118,439.0384826660156,465.153564453125,97.69363403320312,1837.297119140625,,,440.832275390625,446.3822326660156,97.35585021972656,1821.1595458984375,233.54876708984375,856.2098999023438
119,439.0384826660156,465.153564453125,97.69363403320312,1837.297119140625,,,442.1784973144531,446.34979248046875,96.00402069091797,1823.507568359375,248.14752197265625,831.16357421875
120,440.37744140625,465.1213684082031,96.0704574584961,1837.3289794921875,,,443.6822509765625,440.0258483886719,97.63782501220703,1823.4754638671875,,
121,441.7164611816406,465.08917236328125,94.44729614257812,1837.36083984375,,,444.8709411621094,446.28485107421875,95.47115325927734,1825.83447265625,,
122,443.0554504394531,465.05694580078125,92.82415771484375,1837.3927001953125,,,446.2171936035156,446.2524108886719,95.47115325927734,1825.83447265625,,
123,444.39447021484375,465.0247497558594,91.72636413574219,1835.123046875,,,446.2171936035156,446.2524108886719,94.6551513671875,1825.8504638671875,286.8121032714844,789.8994750976562
124,444.39447021484375,465.0247497558594,91.72636413574219,1835.123046875,293.5921936035156,763.9698486328125,443.6822509765625,440.0258483886719,95.47115325927734,1825.83447265625,,
125,445.7335205078125,464.9925537109375,92.0125961303711,1837.40869140625,326.726318359375,633.3780517578125,442.3336181640625,440.0583801269531,96.85157775878906,1830.4249267578125,,
126,445.7335205078125,464.9925537109375,92.82415771484375,1837.3927001953125,411.8388977050781,226.9446258544922,440.9849853515625,440.0909423828125,98.5052261352539,1837.28125,307.13751220703125,768.8455810546875
127,441.8699035644531,458.86505126953125,93.63572692871094,1837.3768310546875,325.7596435546875,666.8405151367188,438.2877502441406,440.1560363769531,99.31682586669922,1837.265380859375,314.4032287597656,763.4891967773438
128,437.84576416015625,458.9619140625,95.01264190673828,1841.91748046875,328.649658203125,710.322998046875,437.0851135253906,433.8748474121094,97.94622802734375,1832.70458984375,324.09368896484375,752.836669921875
129,439.3363342285156,452.6833801269531,96.38362884521484,1846.4385986328125,340.9731140136719,682.953125,433.0321044921875,433.9727478027344,99.57295227050781,1832.6727294921875,332.65423583984375,747.3984985351562
130,438.139892578125,446.4471740722656,97.99979400634766,1846.4068603515625,336.24871826171875,731.4907836914062,430.3301696777344,434.0379943847656,100.94003295898438,1837.2335205078125,,
131,438.139892578125,446.4471740722656,99.08495330810547,1848.6522216796875,342.4759826660156,741.91357421875,427.7576904296875,427.7673645019531,101.75164031982422,1837.217529296875,344.9590759277344,747.1137084960938
132,436.93914794921875,440.1885681152344,99.08495330810547,1848.6522216796875,344.9590759277344,747.1137084960938,427.7576904296875,427.7673645019531,101.75164031982422,1837.217529296875,352.34832763671875,752.1832275390625
133,436.7937316894531,446.4796142578125,100.69940185546875,1848.62060546875,349.88128662109375,746.9998168945312,427.7576904296875,427.7673645019531,103.10095977783203,1834.899658203125,,
134,438.5850524902344,427.505615234375,102.31387329101562,1848.5889892578125,364.6632385253906,741.3997192382812,427.6282653808594,434.103271484375,104.72596740722656,1834.8677978515625,365.87957763671875,746.6295166015625
135,430.19635009765625,440.3512878417969,103.1211166381836,1848.5732421875,373.29248046875,741.1998291015625,426.404296875,427.8000793457031,104.4532241821289,1832.5767822265625,373.23553466796875,751.7001342773438
136,424.6786804199219,446.771728515625,104.46463775634766,1846.2801513671875,381.92218017578125,740.9999389648438,424.9264221191406,434.16851806640625,105.26661682128906,1832.5609130859375,,
137,428.4565124511719,459.18792724609375,105.27276611328125,1846.264404296875,379.73052978515625,703.7533569335938,424.9264221191406,434.16851806640625,107.16352081298828,1834.8199462890625,381.01947021484375,698.3240966796875
138,434.3830871582031,433.94012451171875,106.08089447021484,1846.24853515625,381.0613708496094,692.9058837890625,423.57550048828125,434.2011413574219,107.97604370117188,1834.803955078125,386.474853515625,648.7810668945312
139,435.8781433105469,427.571044921875,107.69715881347656,1846.216796875,386.2185974121094,676.424560546875,423.57550048828125,434.2011413574219,109.86798858642578,1837.0582275390625,392.0370178222656,603.4442138671875
140,440.1044006347656,362.8585510253906,108.77192687988281,1848.4625244140625,396.1705017089844,580.2748413085938,422.1053771972656,440.5465393066406,110.945068359375,1839.323486328125,,
141,441.0431213378906,322.91693115234375,111.45720672607422,1850.6717529296875,399.1329650878906,550.9126586914062,420.64056396484375,446.8691101074219,114.99903106689453,1839.2440185546875,,
142,433.111328125,302.81689453125,112.525634765625,1852.9078369140625,402.1475524902344,521.0340576171875,419.1809997558594,453.1689453125,117.94659423828125,1843.7442626953125,,
143,427.63958740234375,296.1360168457031,113.5917739868164,1855.13916015625,406.5448303222656,490.5934753417969,419.0678405761719,459.4139404296875,124.11087799072266,1848.1619873046875,,
144,423.55413818359375,289.39569091796875,122.80107116699219,1843.649169921875,,,417.83740234375,453.2013244628906,130.24887084960938,1852.5609130859375,,
145,420.6195373535156,296.3087158203125,129.3489532470703,1836.6759033203125,,,417.83740234375,453.2013244628906,136.02871704101562,1861.427978515625,,
146,417.6959533691406,303.1957702636719,132.62767028808594,1789.8153076171875,,,416.4938049316406,453.23370361328125,141.1895751953125,1872.445068359375,,
147,420.378173828125,309.91961669921875,134.41700744628906,1758.2332763671875,,,415.0443115234375,459.5107727050781,142.66896057128906,1879.0302734375,,
148,420.378173828125,309.91961669921875,136.20201110839844,1750.786376953125,,,415.0443115234375,459.5107727050781,145.0552978515625,1878.9837646484375,,
149,420.378173828125,309.91961669921875,141.6358642578125,1780.0274658203125,,,415.0443115234375,459.5107727050781,146.64620971679688,1878.9527587890625,,
150,420.378173828125,309.91961669921875,139.09214782714844,1745.7598876953125,,,415.0443115234375,459.5107727050781,148.23715209960938,1878.9217529296875,,
151,420.378173828125,309.91961669921875,138.21658325195312,1728.20751953125,,,415.1502380371094,453.26605224609375,148.23715209960938,1878.9217529296875,,
152,420.378173828125,309.91961669921875,140.6494903564453,1717.9925537109375,,,413.8066711425781,453.2984313964844,149.16954040527344,1872.289306640625,,
153,420.378173828125,309.91961669921875,147.3760528564453,1770.218017578125,,,415.1502380371094,453.26605224609375,149.7479705810547,1870.06396484375,,
154,420.378173828125,309.91961669921875,150.88369750976562,1789.4542236328125,105.80709838867188,1823.3148193359375,413.91058349609375,447.0313720703125,153.89501953125,1863.31201171875,,
155,431.4276428222656,316.41302490234375,156.46629333496094,1822.3182373046875,,,413.8066711425781,453.2984313964844,157.6903076171875,1861.004638671875,,
156,431.4276428222656,316.41302490234375,160.2351531982422,1845.187255859375,,,413.91058349609375,447.0313720703125,157.31333923339844,1865.4736328125,,
157,431.4276428222656,316.41302490234375,164.7067413330078,1858.62939453125,,,412.463134765625,453.3307800292969,162.50440979003906,1860.9105224609375,,
158,431.4276428222656,316.41302490234375,169.32003784179688,1874.1058349609375,,,411.2186584472656,447.0962829589844,165.50997924804688,1858.61376953125,,
159,431.4276428222656,316.41302490234375,173.09278869628906,1880.6328125,,,411.2186584472656,447.0962829589844,167.72174072265625,1865.2703857421875,,
160,431.4276428222656,316.41302490234375,176.6521453857422,1884.940673828125,113.27313232421875,1945.552001953125,411.2186584472656,447.0962829589844,172.3137969970703,1871.8377685546875,,
161,431.4276428222656,316.41302490234375,180.9879608154297,1889.215087890625,114.14088439941406,1920.51171875,411.2186584472656,447.0962829589844,177.29296875,1873.9503173828125,,
162,431.4276428222656,316.41302490234375,185.12557983398438,1891.3070068359375,115.03060150146484,1894.8375244140625,411.2186584472656,447.0962829589844,181.46522521972656,1876.0738525390625,,
163,431.4276428222656,316.41302490234375,190.9140167236328,1904.134033203125,125.53984069824219,1839.0372314453125,409.9697265625,440.83941650390625,186.2442169189453,1875.980712890625,,
164,431.4276428222656,316.41302490234375,195.0111541748047,1906.1953125,128.90628051757812,1801.78125,408.52679443359375,447.16119384765625,192.6875,1886.810302734375,,
165,431.4276428222656,316.41302490234375,198.8089141845703,1914.6402587890625,133.2336883544922,1763.1700439453125,408.52679443359375,447.16119384765625,196.02593994140625,1888.9224853515625,,
166,431.4276428222656,316.41302490234375,203.65750122070312,1916.6649169921875,137.71945190429688,1723.14599609375,405.9247131347656,440.93701171875,200.47613525390625,1895.3399658203125,,
167,431.4276428222656,316.41302490234375,212.39634704589844,1918.60986328125,433.587158203125,585.187255859375,404.576416015625,440.96954345703125,204.11184692382812,1901.7325439453125,,
168,431.4276428222656,316.41302490234375,218.14366149902344,1922.7139892578125,480.31719970703125,394.4815979003906,404.48907470703125,447.258544921875,206.78465270996094,1905.9669189453125,449.9114685058594,555.60546875
169,431.4276428222656,316.41302490234375,220.75987243652344,1926.861328125,481.2236328125,445.4083251953125,404.48907470703125,447.258544921875,209.59925842285156,1912.30810546875,,
170,221.6759033203125,1928.93603515625,95.1478500366211,2091.06982421875,536.7544555664062,245.0032958984375,404.48907470703125,447.258544921875,209.90420532226562,1916.5439453125,,
171,222.0916748046875,1935.1793212890625,95.1478500366211,2091.06982421875,,,405.8349914550781,447.2261047363281,210.83624267578125,1918.64013671875,446.9053039550781,664.0049438476562
172,221.73361206054688,1941.3990478515625,95.1478500366211,2091.06982421875,457.45172119140625,607.6196899414062,406.9975280761719,459.7044677734375,212.54559326171875,1920.716796875,447.0934143066406,702.1849365234375
173,221.87156677246094,1943.458740234375,95.1478500366211,2091.06982421875,449.1164245605469,674.95458984375,407.08905029296875,453.46026611328125,212.54559326171875,1920.716796875,444.8104553222656,739.5433349609375
174,222.7789306640625,1945.4993896484375,95.1478500366211,2091.06982421875,444.01171875,723.6796264648438,405.74554443359375,453.4926452636719,213.6207733154297,1924.902587890625,,
175,223.68443298339844,1947.535888671875,95.1478500366211,2091.06982421875,,,405.74554443359375,453.4926452636719,215.17604064941406,1924.8724365234375,443.733154296875,821.6953125
176,225.99114990234375,1947.491455078125,95.1478500366211,2091.06982421875,,,403.05859375,453.557373046875,227.10841369628906,1928.8310546875,442.6217041015625,861.225341796875
177,229.06683349609375,1947.4322509765625,95.1478500366211,2091.06982421875,,,401.7973327636719,447.3234558105469,245.07424926757812,1930.5721435546875,442.98175048828125,890.1956176757812
178,232.91151428222656,1947.358154296875,95.1478500366211,2091.06982421875,,,400.45147705078125,447.35589599609375,245.96337890625,1932.638916015625,,
179,237.40365600585938,1945.2176513671875,95.1478500366211,2091.06982421875,,,399.1056213378906,447.3883361816406,248.8403778076172,1928.4111328125,,
180,243.56185913085938,1945.0989990234375,95.1478500366211,2091.06982421875,,,397.7597961425781,447.4208068847656,246.51181030273438,1928.4561767578125,,
181,250.4901123046875,1944.9654541015625,95.1478500366211,2091.06982421875,,,397.7597961425781,447.4208068847656,255.05007934570312,1928.2911376953125,,
182,255.8789825439453,1944.8616943359375,95.1478500366211,2091.06982421875,,,397.6848449707031,453.68682861328125,258.155029296875,1928.231201171875,,
183,261.2680358886719,1944.7578125,95.1478500366211,2091.06982421875,,,396.4139709472656,447.4532470703125,261.260009765625,1928.171142578125,,
184,265.02410888671875,1942.626953125,95.1478500366211,2091.06982421875,,,397.7597961425781,447.4208068847656,262.0362854003906,1928.1561279296875,437.093505859375,1207.5799560546875
185,268.10687255859375,1942.567626953125,95.1478500366211,2091.06982421875,,,396.4139709472656,447.4532470703125,265.9176330566406,1928.0811767578125,436.1916198730469,1237.991943359375
186,270.5068359375,1944.579833984375,95.1478500366211,2091.06982421875,,,396.4139709472656,447.4532470703125,268.33721923828125,1930.122802734375,436.2293395996094,1271.385498046875
187,271.2767639160156,1944.56494140625,95.1478500366211,2091.06982421875,434.8223876953125,1318.2220458984375,396.4867858886719,441.1647644042969,269.2919921875,1934.268310546875,436.26611328125,1303.96484375
188,272.8166198730469,1944.5352783203125,95.1478500366211,2091.06982421875,433.4638977050781,1363.4456787109375,396.4867858886719,441.1647644042969,273.0759582519531,1932.115478515625,434.3532409667969,1366.839111328125
189,275.8963928222656,1944.4759521484375,95.1478500366211,2091.06982421875,434.7704162597656,1353.1270751953125,395.1385498046875,441.19732666015625,276.2571716308594,1934.1339111328125,,
190,279.7462158203125,1944.4017333984375,95.1478500366211,2091.06982421875,415.9559631347656,484.2359313964844,395.1385498046875,441.19732666015625,280.8232727050781,1931.9658203125,,
191,284.4395446777344,1946.36572265625,95.1478500366211,2091.06982421875,,,393.79034423828125,441.2298583984375,285.6172180175781,1936.02880859375,,
192,286.95947265625,1952.455078125,95.1478500366211,2091.06982421875,,,393.8585510253906,434.91888427734375,290.39154052734375,1940.0751953125,,
193,292.4573974609375,1956.4202880859375,95.1478500366211,2091.06982421875,,,391.15728759765625,434.984130859375,295.7309265136719,1937.9051513671875,,
194,298.6385498046875,1958.330810546875,95.1478500366211,2091.06982421875,431.5362854003906,1520.7022705078125,389.80670166015625,435.0167541503906,301.85479736328125,1935.715576171875,434.1564025878906,1582.3115234375
195,301.69683837890625,1958.2720947265625,95.1478500366211,2091.06982421875,433.8262939453125,1696.6856689453125,389.7457580566406,441.32745361328125,308.09033203125,1937.666748046875,,
196,305.519775390625,1958.1986083984375,95.1478500366211,2091.06982421875,444.4506530761719,707.62890625,388.4560852050781,435.04937744140625,316.5879821777344,1937.5028076171875,,
197,309.3902893066406,1960.1494140625,95.1478500366211,2091.06982421875,436.4435729980469,1363.3826904296875,388.3975830078125,441.3599853515625,320.523681640625,1941.5572509765625,,
198,313.973388671875,1960.0614013671875,95.1478500366211,2091.06982421875,433.81390380859375,1565.0230712890625,388.3975830078125,441.3599853515625,325.18115234375,1943.5263671875,433.68511962890625,1596.5430908203125
199,323.2066955566406,1963.92236328125,95.1478500366211,2091.06982421875,432.66802978515625,1627.2568359375,387.0494384765625,441.39251708984375,329.9358825683594,1953.666015625,433.3121643066406,1607.805419921875
200,330.1205139160156,1967.811767578125,95.1478500366211,2091.06982421875,433.100830078125,1640.9356689453125,387.0494384765625,441.39251708984375,332.2589416503906,1955.655029296875,434.0240173339844,1613.3780517578125
201,340.8033142089844,1971.6126708984375,95.1478500366211,2091.06982421875,433.1921691894531,1638.2093505859375,385.8087463378906,428.7814025878906,338.3831787109375,1955.5372314453125,434.6385803222656,1621.6961669921875
202,347.6627502441406,1977.4598388671875,95.1478500366211,2091.06982421875,433.2837219238281,1635.4764404296875,384.5073547363281,422.45806884765625,340.72637939453125,1961.5687255859375,,
203,352.2127990722656,1981.3385009765625,95.1478500366211,2091.06982421875,433.2837219238281,1635.4764404296875,384.45574951171875,428.8141174316406,346.0689697265625,1961.466064453125,434.96710205078125,1638.17333984375
204,355.9906311035156,1985.2159423828125,95.1478500366211,2091.06982421875,433.8031311035156,1646.3514404296875,384.5073547363281,422.45806884765625,349.8913879394531,1963.4100341796875,434.5946960449219,1649.040771484375
205,356.7438659667969,1987.1705322265625,95.1478500366211,2091.06982421875,433.5285949707031,1654.453857421875,384.5591125488281,416.07904052734375,352.18646240234375,1967.3883056640625,434.1340637207031,1662.4818115234375
206,358.2505187988281,1987.1417236328125,95.1478500366211,2091.06982421875,434.0426025390625,1665.151123046875,384.5591125488281,416.07904052734375,354.4693298339844,1967.344482421875,434.6434631347656,1673.104248046875
207,358.2505187988281,1987.1417236328125,95.1478500366211,2091.06982421875,433.7694396972656,1673.121826171875,383.3502502441406,396.8356628417969,355.23028564453125,1967.329833984375,435.14813232421875,1683.628173828125
208,360.51055908203125,1987.0985107421875,95.1478500366211,2091.06982421875,434.3691711425781,1681.01953125,381.93756103515625,403.3174743652344,359.038330078125,1965.2476806640625,434.6004943847656,1699.25830078125
209,376.59918212890625,384.03399658203125,364.29412841796875,1983.0841064453125,434.00640869140625,1691.48779296875,380.6196594238281,396.9019470214844,362.0728759765625,1969.2037353515625,434.91839599609375,1714.65673828125
210,375.22894287109375,384.06732177734375,366.56951904296875,1981.0635986328125,434.6004943847656,1699.25830078125,377.8891296386719,396.9682312011719,364.35357666015625,1969.1600341796875,434.4690246582031,1727.34228515625
211,375.22894287109375,384.06732177734375,368.83648681640625,1981.020263671875,434.3294982910156,1706.99267578125,377.8891296386719,396.9682312011719,366.6343078613281,1969.1162109375,434.6060485839844,1747.3250732421875
212,375.15863037109375,397.0345153808594,371.1034851074219,1980.976806640625,434.8280944824219,1717.2054443359375,376.56146240234375,390.5295104980469,369.6753234863281,1969.057861328125,434.9171447753906,1762.0731201171875
213,373.7934265136719,397.0676574707031,374.88189697265625,1980.9044189453125,434.5585021972656,1724.8167724609375,376.59918212890625,384.03399658203125,374.99725341796875,1968.955810546875,435.135986328125,1779.0333251953125
214,373.72857666015625,409.9405822753906,383.1947326660156,1980.745361328125,435.1419372558594,1732.3592529296875,373.8260192871094,390.5959777832031,375.7978515625,1964.9259033203125,434.6113586425781,1793.376220703125
215,372.3683166503906,409.9735412597656,389.9964904785156,1980.6151123046875,434.78387451171875,1742.3590087890625,373.8587341308594,384.10064697265625,378.1285400390625,1960.8502197265625,,
216,372.3385314941406,416.37493896484375,393.7753601074219,1980.542724609375,434.5174255371094,1749.7996826171875,372.51885986328125,377.61492919921875,385.8541564941406,1954.62451171875,,
217,371.0354919433594,403.5819396972656,394.609130859375,1976.560546875,435.0944519042969,1757.173583984375,373.8915710449219,377.5815124511719,382.81854248046875,1952.6488037109375,,
218,371.0630187988281,397.1339416503906,393.8518371582031,1976.574951171875,434.7406311035156,1766.95068359375,372.54931640625,371.0719909667969,385.08837890625,1954.63916015625,,
219,368.4237060546875,371.1724853515625,392.3740234375,1974.6141357421875,435.3124084472656,1774.2098388671875,371.14617919921875,377.6483459472656,388.11865234375,1956.61083984375,,
220,368.40081787109375,377.71514892578125,393.0945129394531,1976.5894775390625,405.920654296875,1496.8865966796875,369.77349853515625,377.6817626953125,391.83380126953125,1962.6046142578125,406.7348937988281,1503.00146484375
221,365.67333984375,371.239501953125,393.7753601074219,1980.542724609375,347.14892578125,1855.0621337890625,368.4237060546875,371.1724853515625,394.7660827636719,1968.5765380859375,401.9630432128906,1456.34912109375
222,362.9230651855469,371.3064880371094,396.0023193359375,1982.477294921875,,,365.6554870605469,377.781982421875,400.04412841796875,1970.4766845703125,,
223,360.1650085449219,377.9156188964844,399.6894226074219,1986.3492431640625,413.81658935546875,282.7691345214844,364.2828674316406,377.8153991699219,404.5036315917969,1974.3817138671875,,
224,358.78717041015625,384.4671630859375,404.9150085449219,1988.214599609375,,,364.2828674316406,377.8153991699219,408.3473205566406,1972.3148193359375,,
225,356.04705810546875,384.5338134765625,410.93756103515625,1988.0994873046875,,,364.2828674316406,377.8153991699219,412.19891357421875,1970.2435302734375,,
226,356.04730224609375,378.0158386230469,416.14703369140625,1989.96142578125,,,362.9102478027344,377.84881591796875,417.45458984375,1972.14013671875,,
227,354.67474365234375,378.04925537109375,419.09210205078125,1991.8626708984375,,,362.9102478027344,377.84881591796875,419.6669616699219,1974.0911865234375,,
228,353.30218505859375,378.0826721191406,422.0313720703125,1993.7601318359375,,,362.9102478027344,377.84881591796875,422.6323547363281,1976.023681640625,,
229,353.2973937988281,371.5409851074219,424.28326416015625,1993.7171630859375,,,361.5376281738281,377.8822021484375,427.1771240234375,1975.9366455078125,,
230,351.9150085449219,365.00885009765625,427.2144775390625,1995.6109619140625,,,360.1650085449219,377.9156188964844,427.8619384765625,1977.9088134765625,,
231,351.9150085449219,365.00885009765625,428.71429443359375,1995.582275390625,,,358.79241943359375,377.94903564453125,429.4495849609375,1975.89306640625,333.8153076171875,906.95166015625
232,351.9076232910156,358.4190368652344,430.139892578125,1997.5009765625,,,358.7976989746094,371.406982421875,429.3753662109375,1977.8798828125,326.38671875,863.8717041015625
233,351.9076232910156,358.4190368652344,430.8890686035156,1997.4866943359375,,,360.18060302734375,364.80731201171875,429.30133056640625,1979.8626708984375,322.51287841796875,834.4376220703125
234,351.9150085449219,365.00885009765625,430.139892578125,1997.5009765625,,,361.5582580566406,364.7737121582031,429.30133056640625,1979.8626708984375,310.7304992675781,763.5740356445312
235,351.9150085449219,365.00885009765625,429.3907165527344,1997.5152587890625,302.42425537109375,705.55322265625,360.1884460449219,358.2169494628906,430.0572814941406,1979.8482666015625,309.35418701171875,753.1775512695312
236,345.0870361328125,384.8003234863281,430.139892578125,1997.5009765625,,,358.8135986328125,351.6360778808594,430.7378234863281,1981.8126220703125,,
237,342.3966064453125,397.82989501953125,430.8890686035156,1997.4866943359375,,,356.0482177734375,351.70361328125,431.4930419921875,1981.798095703125,291.7045593261719,667.6375732421875
238,341.0587158203125,404.3090515136719,431.63824462890625,1997.472412109375,,,353.2828674316406,351.77117919921875,433.00347900390625,1981.7691650390625,,
239,339.7257080078125,410.7646484375,432.3874206542969,1997.4581298828125,,,349.1474609375,358.4864196777344,433.6803894042969,1983.729736328125,278.92962646484375,606.1143188476562
240,337.00579833984375,410.83056640625,432.31109619140625,1999.401611328125,274.0709533691406,617.64208984375,343.60455322265625,352.007568359375,434.4348449707031,1983.71533203125,270.3406066894531,571.6036376953125
241,334.24664306640625,404.4742736816406,432.31109619140625,1999.401611328125,268.04876708984375,583.3089599609375,338.0414123535156,345.5050048828125,433.60223388671875,1985.70068359375,,
242,330.1595153808594,404.57342529296875,431.63824462890625,1997.472412109375,263.3692321777344,554.140625,333.88623046875,345.6065979003906,433.6803894042969,1983.729736328125,257.1178894042969,518.474853515625
243,324.65338134765625,398.2606201171875,430.139892578125,1997.5009765625,257.1178894042969,518.474853515625,324.1912536621094,345.8435974121094,433.60223388671875,1985.70068359375,,
244,319.12738037109375,391.925048828125,429.3907165527344,1997.5152587890625,250.73336791992188,482.0493469238281,318.5825500488281,339.3181457519531,432.8485107421875,1985.715087890625,,
245,310.92425537109375,392.1243591308594,429.3907165527344,1997.5152587890625,244.21136474609375,444.83953857421875,311.6453857421875,339.4878845214844,431.34112548828125,1985.743896484375,,
246,305.6391296386719,405.1681823730469,428.6415710449219,1997.5296630859375,238.90896606445312,406.78680419921875,308.95751953125,346.2160339355469,430.6625671386719,1983.7874755859375,,
247,301.2547912597656,385.8663024902344,427.8205871582031,1999.4873046875,232.34031677246094,374.4876708984375,307.4832458496094,339.5897216796875,429.1536865234375,1983.8162841796875,,
248,299.78265380859375,379.3853454589844,427.0721740722656,1999.5015869140625,225.40887451171875,334.9126892089844,301.8337707519531,333.041015625,428.3992614746094,1983.8306884765625,,
249,296.93060302734375,372.9141540527344,425.57537841796875,1999.5301513671875,218.32176208496094,294.44891357421875,300.54656982421875,339.75946044921875,425.38153076171875,1983.888427734375,,
250,294.1815185546875,372.98114013671875,424.0785827636719,1999.5587158203125,212.494384765625,253.03091430664062,293.4946594238281,333.2452392578125,423.8044128417969,1985.8880615234375,,
251,291.4324951171875,373.048095703125,422.5818176269531,1999.5872802734375,205.38473510742188,217.84364318847656,301.8337707519531,333.041015625,421.5434875488281,1985.9312744140625,,
252,285.9346008300781,373.1820373535156,419.58831787109375,1999.6444091796875,197.83248901367188,174.69235229492188,297.6641540527344,333.14312744140625,420.65972900390625,1989.8751220703125,,
253,283.1856994628906,373.2489929199219,417.4045715332031,1997.744140625,191.57083129882812,130.49143981933594,294.8844909667969,333.2112121582031,418.4033508300781,1989.918212890625,197.20306396484375,388.396728515625
254,276.4594421386719,379.9530334472656,415.1572570800781,1997.7869873046875,183.6751708984375,85.27804565429688,267.0904846191406,333.8918762207031,416.14703369140625,1989.96142578125,,
255,267.0195007324219,386.6988525390625,412.96697998046875,1995.8829345703125,,,273.88641357421875,327.0142822265625,413.8907165527344,1990.0045166015625,,
256,258.8041687011719,386.8986511230469,411.3564758300781,1999.8013916015625,,,279.45538330078125,326.8777770996094,412.27349853515625,1993.946533203125,,
257,256.0657958984375,386.9652404785156,409.75238037109375,2003.7042236328125,,,275.2786560058594,326.9801330566406,410.7174987792969,1995.9259033203125,,
258,247.85104370117188,387.1650085449219,408.9527282714844,2005.6497802734375,,,265.5333251953125,327.2190246582031,409.1646423339844,1997.9013671875,,
259,239.63673400878906,387.3647766113281,407.4093322753906,2007.605712890625,,,254.3966064453125,327.49200439453125,406.1182556152344,1999.9013671875,,
260,234.38278198242188,393.9841613769531,405.12445068359375,2009.57177734375,,,254.3966064453125,327.49200439453125,403.87335205078125,1999.9442138671875,,
261,230.28341674804688,394.0837707519531,402.10028076171875,2011.5482177734375,,,251.80592346191406,334.2662048339844,401.5829162597656,2001.9259033203125,,
262,226.1841583251953,394.1833801269531,399.0821838378906,2013.5206298828125,,,249.02706909179688,334.3342590332031,400.04388427734375,2003.889404296875,,
263,223.45138549804688,394.2497863769531,396.77197265625,2017.3831787109375,,,243.2606658935547,327.7649841308594,398.5503234863281,2003.9178466796875,,
264,222.0850067138672,394.282958984375,395.2887878417969,2017.411376953125,,,236.30111694335938,327.9355773925781,398.5079040527344,2005.848876953125,,
265,221.84054565429688,387.7975769042969,395.2499084472656,2019.3157958984375,,,230.50076293945312,321.342529296875,398.5079040527344,2005.848876953125,,
266,219.10284423828125,387.8641357421875,395.9907531738281,2019.3016357421875,,,226.5582733154297,328.17437744140625,398.5079040527344,2005.848876953125,,
267,216.36520385742188,387.93072509765625,396.73162841796875,2019.28759765625,,,220.9912109375,328.31085205078125,398.5079040527344,2005.848876953125,,
268,213.3672332763672,381.48870849609375,396.73162841796875,2019.28759765625,,,218.20774841308594,328.3790588378906,398.5079040527344,2005.848876953125,,
269,209.5213165283203,388.09716796875,397.4725036621094,2019.2735595703125,,,214.0326690673828,328.4814147949219,399.2539367675781,2005.834716796875,,
270,204.04640197753906,388.2303161621094,397.4725036621094,2019.2735595703125,,,210.70999145507812,315.06817626953125,399.2970886230469,2003.903564453125,,
271,199.94036865234375,388.3301696777344,397.4725036621094,2019.2735595703125,,,210.98016357421875,321.8214416503906,398.5503234863281,2003.9178466796875,,
272,195.54150390625,381.9225769042969,397.5135803222656,2017.369140625,,,206.79750061035156,321.924072265625,398.5928039550781,2001.98291015625,,
273,187.005859375,375.5920715332031,397.5135803222656,2017.369140625,,,196.74224853515625,315.4111633300781,398.5928039550781,2001.98291015625,,
274,185.31956481933594,369.0708923339844,397.55474853515625,2015.4609375,,,193.64637756347656,308.702392578125,398.6354064941406,2000.044189453125,,
275,183.94349670410156,369.10443115234375,396.81243896484375,2015.47509765625,,,188.36219787597656,315.616943359375,397.9290466308594,1998.1158447265625,,
276,181.19139099121094,369.1715393066406,396.81243896484375,2015.47509765625,,,185.56895446777344,315.6855163574219,398.0131530761719,1994.2188720703125,,
277,181.19139099121094,369.1715393066406,396.1098937988281,2013.5772705078125,,,182.7757568359375,315.7541198730469,397.26263427734375,1994.2332763671875,,
278,183.94349670410156,369.10443115234375,395.3668212890625,2013.5914306640625,,,175.45663452148438,309.1494445800781,396.51214599609375,1994.24755859375,108.9751968383789,32.815467834472656
279,183.94349670410156,369.10443115234375,394.6621398925781,2011.68994140625,,,174.05752563476562,309.183837890625,395.7616271972656,1994.2618408203125,109.47045135498047,40.661041259765625
280,182.5674285888672,369.13800048828125,394.70062255859375,2009.7703857421875,,,-452.9632263183594,-151.0644989013672,395.05029296875,1992.322021484375,109.96372985839844,48.47521209716797
281,181.19139099121094,369.1715393066406,394.7391662597656,2007.8470458984375,,,-452.9632263183594,-151.0644989013672,395.05029296875,1992.322021484375,,
282,179.49134826660156,362.6266784667969,394.0697326660156,2004.0032958984375,,,150.6576385498047,316.54278564453125,393.5855407714844,1990.392578125,,
283,176.7342529296875,362.6939697265625,393.3976135253906,2000.14404296875,,,146.4688262939453,316.6456604003906,393.5855407714844,1990.392578125,,
284,175.35572814941406,362.7276306152344,392.6860656738281,1998.2158203125,,,141.2838897705078,323.5313415527344,391.2940979003906,1992.393798828125,,
285,161.5711212158203,363.06402587890625,391.1881103515625,1998.2445068359375,,,139.48770141601562,316.81707763671875,390.5428771972656,1992.4080810546875,,
286,149.16603088378906,363.36676025390625,390.4391174316406,1998.2587890625,,,136.69532775878906,316.8856506347656,389.0404357910156,1992.436767578125,,
287,141.88099670410156,356.93475341796875,389.6901550292969,1998.2730712890625,,,131.1107635498047,317.0227966308594,388.2892150878906,1992.451171875,,
288,139.11949157714844,357.002197265625,388.9082336425781,2000.229736328125,,,126.49493408203125,310.3528137207031,388.2892150878906,1992.451171875,,
289,133.59661865234375,357.1370849609375,388.1600036621094,2000.2440185546875,,,126.49493408203125,310.3528137207031,388.2892150878906,1992.451171875,,
290,130.83526611328125,357.2045593261719,388.12786865234375,2002.1824951171875,,,125.09625244140625,310.38720703125,388.2892150878906,1992.451171875,,
291,126.69332885742188,357.30572509765625,388.12786865234375,2002.1824951171875,,,124.13034057617188,317.1941833496094,388.3216857910156,1990.4931640625,,
292,123.93209075927734,357.3731689453125,388.0957946777344,2004.1171875,,,121.3382568359375,317.26275634765625,389.0736389160156,1990.478759765625,,
293,122.98077392578125,364.0057678222656,388.0957946777344,2004.1171875,,,121.77458190917969,324.0099792480469,388.3216857910156,1990.4931640625,,
294,121.60272216796875,364.0393981933594,388.842529296875,2004.1029052734375,,,120.38114929199219,324.044189453125,388.3216857910156,1990.4931640625,,
295,121.60272216796875,364.0393981933594,388.8753356933594,2002.168212890625,,,118.98773956298828,324.078369140625,388.3216857910156,1990.4931640625,,
296,127.07513427734375,447.6662902832031,388.9082336425781,2000.229736328125,,,119.94223022460938,317.2970275878906,388.35418701171875,1988.53125,,
297,133.6129608154297,527.44482421875,388.1922302246094,1998.3016357421875,,,119.94223022460938,317.2970275878906,387.6014709472656,1988.545654296875,153.94842529296875,514.8991088867188
298,131.78028869628906,478.73553466796875,386.7250671386719,1996.384033203125,,,119.50167083740234,310.5246887207031,385.3728942871094,1986.623046875,,
299,130.3021697998047,434.95782470703125,383.7262878417969,1996.4412841796875,,,120.90029907226562,310.4903259277344,383.1398620605469,1984.6966552734375,159.82179260253906,614.6402587890625
300,129.20025634765625,396.5398864746094,379.9778747558594,1996.5128173828125,,,121.3382568359375,317.26275634765625,380.8521728515625,1986.70947265625,164.6751251220703,653.9845581054688
301,128.91067504882812,370.4462890625,376.22955322265625,1996.5843505859375,,,122.29893493652344,310.4559326171875,377.1062927246094,1984.81201171875,167.22682189941406,697.8919677734375
302,129.03648376464844,350.6145324707031,371.74749755859375,1994.7205810546875,,,122.29893493652344,310.4559326171875,372.56451416015625,1986.8680419921875,,
303,130.0025634765625,343.9324035644531,366.4949035644531,1994.8209228515625,,,121.3382568359375,317.26275634765625,368.79754638671875,1986.9400634765625,173.64451599121094,787.3842163085938
304,128.61680603027344,343.96630859375,361.9928283691406,1994.9068603515625,,,121.77458190917969,324.0099792480469,364.28570556640625,1985.0572509765625,178.66232299804688,832.7533569335938
305,128.61680603027344,343.96630859375,358.99151611328125,1994.9642333984375,,,121.77458190917969,324.0099792480469,359.76104736328125,1985.1439208984375,182.35708618164062,876.8631591796875
306,128.61680603027344,343.96630859375,355.2399597167969,1995.0357666015625,,,122.73429107666016,317.2284851074219,357.498779296875,1985.1871337890625,184.25076293945312,910.3359375
307,128.61680603027344,343.96630859375,351.4973449707031,1999.0020751953125,,,124.13034057617188,317.1941833496094,354.4824523925781,1985.244873046875,,
308,130.41969299316406,350.5807189941406,350.0057067871094,2000.9720458984375,,,126.92247009277344,317.1256408691406,352.9831848144531,1991.1685791015625,,
309,131.8029022216797,350.5469055175781,348.5244140625,2004.8717041015625,,,129.71466064453125,317.05706787109375,349.9760437011719,1991.22607421875,,
310,133.18614196777344,350.5130920410156,345.5589294433594,2008.7843017578125,,,134.88726806640625,310.14654541015625,348.49481201171875,1997.1138916015625,,
311,137.33590698242188,350.4116516113281,343.34881591796875,2012.6669921875,,,136.28602600097656,310.1121826171875,347.01361083984375,2001.029052734375,,
312,138.7191925048828,350.3778381347656,343.37371826171875,2016.4920654296875,,,137.684814453125,310.0777893066406,345.5486145019531,2006.8583984375,206.8284454345703,1197.1219482421875
313,140.50022888183594,356.9684753417969,339.69549560546875,2020.372314453125,,,139.48770141601562,316.81707763671875,344.05706787109375,2006.8868408203125,210.1490478515625,1239.1031494140625
314,141.88099670410156,356.93475341796875,339.74346923828125,2026.0587158203125,,,139.08360290527344,310.0434265136719,339.6311340332031,2012.73779296875,212.3439178466797,1279.8424072265625
315,145.6357879638672,350.208740234375,336.8274841308594,2029.886962890625,,,140.88389587402344,316.7828063964844,336.6761474609375,2014.708740234375,216.23768615722656,1333.4371337890625
316,148.0186309814453,343.4915771484375,333.9013977050781,2031.8233642578125,,,140.88389587402344,316.7828063964844,335.1700134277344,2012.82275390625,219.6194610595703,1378.1689453125
317,150.79052734375,343.42376708984375,331.00555419921875,2035.6290283203125,,,142.2801055908203,316.7485046386719,332.7557067871094,1997.4144287109375,223.2312469482422,1427.9178466796875
318,153.1874237060547,336.681396484375,329.5619201660156,2037.526123046875,,,144.28375244140625,303.10650634765625,329.9655456542969,2012.921875,225.881103515625,1460.01904296875
319,155.9645538330078,336.6133728027344,326.654541015625,2039.4473876953125,,,146.07774353027344,309.87152099609375,328.2314453125,1995.5516357421875,229.420654296875,1509.722900390625
320,158.3756103515625,329.8456726074219,325.218017578125,2041.3370361328125,,,147.08670043945312,303.0375671386719,327.0489196777344,2016.802734375,234.78004455566406,1577.7744140625
321,160.79566955566406,323.0526428222656,322.28778076171875,2041.392578125,,,151.29122924804688,302.93414306640625,324.0177917480469,2013.03515625,237.41995239257812,1611.791748046875
322,163.58326721191406,322.9842529296875,321.55523681640625,2041.406494140625,,,153.71604919433594,296.0396423339844,321.2503356933594,2024.5181884765625,239.09974670410156,1644.8626708984375
323,166.3709259033203,322.9158630371094,319.3576354980469,2041.4481201171875,,,156.52442932128906,295.9704895019531,319.1419982910156,2030.2227783203125,243.2657470703125,1692.712890625
324,169.1586151123047,322.84747314453125,317.1978759765625,2043.347900390625,,,162.82179260253906,282.0681457519531,317.66827392578125,2030.250732421875,,
325,173.34027099609375,322.7449035644531,317.23565673828125,2045.2022705078125,247.88925170898438,1785.1402587890625,167.40513610839844,288.84173583984375,312.4677429199219,2028.465087890625,248.6015167236328,1782.7257080078125
326,177.5220184326172,322.6423034667969,315.7342834472656,2043.3756103515625,273.09716796875,1833.8546142578125,174.7801513671875,295.52099609375,312.51043701171875,2030.3486328125,,
327,180.30992126464844,322.57391357421875,315.0024719238281,2043.389404296875,297.1241455078125,1878.216552734375,177.25404357910156,288.5990295410156,316.1163330078125,2026.507568359375,,
328,183.09786987304688,322.5054931640625,312.8070983886719,2043.4310302734375,255.981201171875,1850.099609375,179.73728942871094,281.65087890625,316.1163330078125,2026.507568359375,,
329,187.27989196777344,322.40289306640625,314.27069091796875,2043.4033203125,254.69529724121094,1856.869873046875,182.2299346923828,274.6764221191406,313.1210632324219,2024.672607421875,256.0885925292969,1852.3507080078125
330,188.9844970703125,329.09539794921875,316.466064453125,2043.3616943359375,255.2831573486328,1852.366455078125,183.642333984375,274.6415710449219,312.4249267578125,2026.5777587890625,256.68072509765625,1847.827880859375
331,190.37596130371094,329.061279296875,317.9296875,2043.333984375,255.87356567382812,1847.84375,185.0547332763672,274.606689453125,310.2550964355469,2028.507080078125,257.2754211425781,1843.2855224609375
332,191.76742553710938,329.02716064453125,317.892578125,2041.4759521484375,254.8486785888672,1843.3331298828125,188.5106964111328,288.3216247558594,309.517578125,2028.5211181640625,,
333,193.15892028808594,328.9930725097656,311.2999572753906,2041.600830078125,254.8486785888672,1843.3331298828125,193.0380401611328,295.0714416503906,308.87261962890625,2032.2984619140625,,
334,195.644287109375,322.19769287109375,307.6375427246094,2041.6702880859375,254.73947143554688,1841.0625,193.3427734375,301.899658203125,308.0895690917969,2030.4326171875,,
335,198.1389617919922,315.3768615722656,305.44012451171875,2041.7119140625,255.5492706298828,1841.046630859375,195.84713745117188,295.0022888183594,305.0924377441406,2028.6051025390625,,
336,200.93243408203125,315.3082580566406,304.7076416015625,2041.725830078125,255.44070434570312,1838.7711181640625,197.251708984375,294.96771240234375,305.0924377441406,2028.6051025390625,,
337,205.40330505371094,321.958251953125,304.7076416015625,2041.725830078125,255.44070434570312,1838.7711181640625,201.17543029785156,288.0094909667969,304.2532653808594,2024.8411865234375,,
338,209.5859375,321.85565185546875,305.44012451171875,2041.7119140625,255.33189392089844,1836.49072265625,206.52395629882812,280.9901428222656,304.30413818359375,2026.7320556640625,,
339,215.16294860839844,321.71881103515625,309.8349914550781,2041.628662109375,255.33189392089844,1836.49072265625,210.7538604736328,280.8858337402344,302.0364074707031,2024.88330078125,,
340,220.7401580810547,321.5820007324219,307.6375427246094,2041.6702880859375,255.2228546142578,1834.205322265625,217.803955078125,280.7119140625,300.5038757324219,2023.0169677734375,281.7562561035156,1702.3232421875
341,225.16648864746094,328.20849609375,305.44012451171875,2041.7119140625,255.2228546142578,1834.205322265625,223.4442596435547,280.5727844238281,301.2435607910156,2023.0029296875,288.7634582519531,1646.57421875
342,229.34188842773438,328.10614013671875,304.7576599121094,2043.58349609375,255.92689514160156,1831.8990478515625,226.2644805908203,280.50323486328125,302.0894775390625,2026.774169921875,294.0054626464844,1610.6402587890625
343,231.8951873779297,321.3083190917969,304.17742919921875,2049.14892578125,255.92689514160156,1831.8990478515625,228.8456573486328,273.5255432128906,303.7713623046875,2034.2723388671875,300.12237548828125,1564.8560791015625
344,234.68408203125,321.2398986816406,303.49884033203125,2051.006103515625,255.81826782226562,1829.603759765625,233.08413696289062,273.4208984375,303.0878601074219,2036.1585693359375,307.296630859375,1511.1580810546875
345,238.86749267578125,321.13726806640625,303.6006164550781,2054.681884765625,255.81826782226562,1829.603759765625,236.1356964111328,280.2597351074219,303.0878601074219,2036.1585693359375,314.9062805175781,1461.3350830078125
346,240.26199340820312,321.1030578613281,303.0271301269531,2060.1826171875,255.7093963623047,1827.303466796875,240.3664093017578,280.1553649902344,303.13958740234375,2038.0272216796875,321.99005126953125,1419.315673828125
347,244.44557189941406,321.0003967285156,303.1293029785156,2063.822998046875,255.6002960205078,1824.9981689453125,246.00753784179688,280.0162353515625,301.77783203125,2041.78125,327.3398742675781,1375.895263671875
348,247.23468017578125,320.9319763183594,302.45697021484375,2065.651611328125,255.6002960205078,1824.9981689453125,251.8447265625,286.76080322265625,300.4754638671875,2047.37109375,330.0325927734375,1348.4407958984375
349,250.0238494873047,320.8635559082031,301.0633850097656,2067.490234375,255.49095153808594,1822.687744140625,257.4756774902344,286.6220397949219,298.2845764160156,2047.41259765625,337.7598571777344,1309.63623046875
350,254.3966064453125,327.49200439453125,299.6182556152344,2067.517333984375,256.30780029296875,1822.6717529296875,261.69903564453125,286.5179443359375,297.4973449707031,2045.5760498046875,347.7236022949219,1251.1187744140625
351,259.9648742675781,327.35552978515625,297.5069274902344,2069.3662109375,256.1991271972656,1820.3563232421875,265.9224853515625,286.4138488769531,296.7086181640625,2043.7359619140625,,
352,264.48089599609375,340.6419372558594,296.7850646972656,2069.379638671875,256.1991271972656,1820.3563232421875,268.7381896972656,286.344482421875,296.0353698730469,2045.603759765625,,
353,268.6418762207031,340.54010009765625,296.063232421875,2069.393310546875,256.0902099609375,1818.035888671875,268.9016418457031,293.20355224609375,295.2452087402344,2043.7637939453125,,
354,272.802978515625,340.43829345703125,294.61956787109375,2069.420654296875,256.0902099609375,1818.035888671875,270.306884765625,293.1689453125,294.5733947753906,2045.6314697265625,,
355,275.5771179199219,340.37042236328125,294.67852783203125,2071.224853515625,,,273.2723388671875,299.93341064453125,294.7523498535156,2051.17138671875,,
356,276.9642028808594,340.33648681640625,293.9573974609375,2071.23828125,,,273.5805358886719,313.5243225097656,293.9632263183594,2049.34228515625,,
357,276.9642028808594,340.33648681640625,293.2965087890625,2073.052734375,,,274.8267517089844,306.7071533203125,293.9028625488281,2047.49560546875,,
358,278.351318359375,340.3025207519531,293.2965087890625,2073.052734375,,,275.9279479980469,293.0305480957031,292.9886779785156,2041.9478759765625,,
359,279.7384033203125,340.2685852050781,293.2965087890625,2073.052734375,,,276.2267761230469,306.6727600097656,292.49285888671875,2026.9564208984375,408.2439270019531,928.7799682617188
360,281.12554931640625,340.2346496582031,293.2965087890625,2073.052734375,,,278.7385559082031,292.9613342285156,293.16925048828125,2025.0518798828125,408.1630859375,933.440673828125
361,282.3765563964844,333.51751708984375,293.2965087890625,2073.052734375,,,283.09112548828125,299.6918640136719,292.6796875,2032.6058349609375,,
362,286.5457458496094,333.4154357910156,293.2965087890625,2073.052734375,,,287.1706848144531,292.75372314453125,293.4770202636719,2034.4676513671875,417.03009033203125,895.5604858398438
363,292.1048583984375,333.2792663574219,293.2965087890625,2073.052734375,,,291.3869323730469,292.64990234375,292.9271240234375,2040.0867919921875,,
364,301.8337707519531,333.041015625,293.2965087890625,2073.052734375,,,298.41424560546875,292.47686767578125,293.7210693359375,2041.9339599609375,426.23382568359375,851.8168334960938
365,310.1733093261719,332.8367919921875,294.7373962402344,2073.025634765625,,,306.8474426269531,292.26922607421875,295.30438232421875,2045.61767578125,,
366,315.65863037109375,325.9903564453125,295.4578552246094,2073.011962890625,,,311.0642395019531,292.1654052734375,296.2100524902344,2051.143798828125,439.19317626953125,811.7645263671875
367,321.2934265136719,332.564453125,295.4578552246094,2073.011962890625,,,315.2811279296875,292.06158447265625,296.9389343261719,2051.130126953125,440.39874267578125,811.7368774414062
368,322.6835021972656,332.5303955078125,296.84197998046875,2071.18408203125,,,316.686767578125,292.0269775390625,298.3406677246094,2049.25927734375,,
369,325.46368408203125,332.4623107910156,299.00543212890625,2071.143310546875,,,318.2337951660156,305.64031982421875,301.3121643066406,2051.04736328125,450.04852294921875,770.7216796875
370,328.243896484375,332.39422607421875,301.1689453125,2071.102294921875,419.10626220703125,791.9620971679688,322.43511962890625,305.53704833984375,303.5497741699219,2052.845703125,,
371,331.07025146484375,339.0125732421875,303.33245849609375,2071.0615234375,392.35919189453125,797.6669921875,329.4869689941406,312.1515197753906,305.0555725097656,2054.654296875,,
372,333.88623046875,345.6065979003906,305.54449462890625,2072.82177734375,,,333.63922119140625,305.2616882324219,305.8316650390625,2056.47314453125,463.3118591308594,739.1148071289062
373,338.0743713378906,352.14263916015625,307.70599365234375,2072.781005859375,,,337.80712890625,298.34588623046875,306.65399169921875,2060.114013671875,467.0124206542969,739.0291137695312
374,343.60455322265625,352.007568359375,309.1919250488281,2074.551513671875,,,342.016845703125,298.2423095703125,308.1971435546875,2063.727294921875,472.1377868652344,733.63330078125
375,347.73724365234375,345.2679748535156,309.9117431640625,2074.5380859375,,,346.24481201171875,304.9518737792969,308.921142578125,2063.713623046875,,
376,353.27801513671875,345.1325378417969,310.7183837890625,2078.109375,,,351.8476257324219,304.81414794921875,309.7343444824219,2067.32666015625,,
377,358.8189392089844,344.9970703125,310.7616882324219,2079.89697265625,,,356.04986572265625,304.71087646484375,309.0117492675781,2067.340087890625,,
378,364.375732421875,338.1976318359375,310.80487060546875,2081.680908203125,,,361.6530456542969,304.57318115234375,309.0117492675781,2067.340087890625,,
379,371.3152770996094,338.02783203125,310.80487060546875,2081.680908203125,,,367.25640869140625,304.4354553222656,309.0117492675781,2067.340087890625,,
380,376.9059753417969,331.2024841308594,310.0877990722656,2081.6943359375,,,374.2952575683594,297.4482727050781,309.0117492675781,2067.340087890625,,
381,382.4683532714844,331.0662536621094,310.80487060546875,2081.680908203125,,,384.17333984375,290.3653259277344,309.0117492675781,2067.340087890625,,
382,392.20294189453125,330.8278503417969,310.80487060546875,2081.680908203125,,,389.7351379394531,297.0684509277344,309.0117492675781,2067.340087890625,,
383,394.984375,330.7597351074219,310.80487060546875,2081.680908203125,,,393.9462890625,296.9648742675781,309.0569152832031,2069.148193359375,,
384,403.3289794921875,330.5553894042969,311.47943115234375,2079.88330078125,,,396.7537841796875,296.89581298828125,309.0569152832031,2069.148193359375,502.035888671875,727.6452026367188
385,404.71978759765625,330.52130126953125,311.47943115234375,2079.88330078125,,,399.56134033203125,296.82672119140625,309.0117492675781,2067.340087890625,504.51165771484375,727.5877685546875
386,411.881591796875,316.892578125,310.6750183105469,2076.318603515625,,,402.2821350097656,303.5745849609375,308.96649169921875,2065.528564453125,507.2480163574219,695.3829345703125
387,417.5807189941406,309.9883117675781,309.9559020996094,2076.332275390625,,,411.881591796875,316.892578125,308.921142578125,2063.713623046875,511.564697265625,656.9618530273438
388,422.6776123046875,336.7710876464844,309.9559020996094,2076.332275390625,,,414.8933410644531,303.2646484375,308.8757019042969,2061.89501953125,,
389,426.45111083984375,356.5998840332031,309.1919250488281,2074.551513671875,,,426.2355651855469,296.1705627441406,308.1047668457031,2060.086669921875,518.9341430664062,583.1676635742188
390,435.8225402832031,369.5305480957031,308.38079833984375,2070.96630859375,,,430.5874938964844,289.2225036621094,306.6062927246094,2058.28857421875,521.9453735351562,547.9926147460938
391,441.1694030761719,375.9439697265625,307.65960693359375,2070.97998046875,,,436.0640563964844,295.92877197265625,305.1048889160156,2056.48681640625,,
392,447.86773681640625,382.3008117675781,306.1213684082031,2067.394775390625,,,439.9617614746094,309.438720703125,304.37811279296875,2056.500732421875,,
393,453.3512878417969,382.1674499511719,304.62677001953125,2065.610595703125,,,444.1585693359375,309.3356628417969,303.6513366699219,2056.514404296875,,
394,459.0235290527344,375.5093994140625,303.1293029785156,2063.822998046875,531.05419921875,444.2068176269531,448.3554992675781,309.23260498046875,301.365234375,2052.886962890625,,
395,463.1440124511719,375.4090881347656,301.6813659667969,2063.850341796875,534.0000610351562,412.46038818359375,453.9515686035156,309.0951843261719,299.8544006347656,2051.074951171875,,
396,468.4320983886719,381.80072021484375,300.9573974609375,2063.864013671875,537.3314819335938,373.6033630371094,455.53643798828125,302.2657165527344,299.1255187988281,2051.088623046875,,
397,472.5452880859375,381.70068359375,300.2872009277344,2065.6923828125,541.7821655273438,340.524169921875,460.9469299316406,308.9234313964844,298.39666748046875,2051.1025390625,,
398,475.0696716308594,388.1359558105469,299.5639343261719,2065.7060546875,545.2694702148438,300.060302734375,463.3443603515625,322.37030029296875,297.66778564453125,2051.1162109375,,
399,479.175537109375,388.03619384765625,299.5639343261719,2065.7060546875,548.4718627929688,265.6343078613281,468.920166015625,322.2336120605469,297.724365234375,2052.955810546875,,
400,483.2815246582031,387.9364318847656,298.8406982421875,2065.7197265625,552.1090698242188,223.46238708496094,-452.9632263183594,-151.0644989013672,297.724365234375,2052.955810546875,,
401,486.0189208984375,387.8699035644531,299.5639343261719,2065.7060546875,555.4453125,187.5677947998047,482.6250915527344,328.6134033203125,297.724365234375,2052.955810546875,,
402,488.75634765625,387.80340576171875,299.6182556152344,2067.517333984375,559.2421264648438,143.57737731933594,485.40814208984375,328.54522705078125,297.724365234375,2052.955810546875,,
403,491.49383544921875,387.73687744140625,298.8957214355469,2067.531005859375,564.1981201171875,106.08097076416016,490.97442626953125,328.408935546875,297.724365234375,2052.955810546875,,
404,495.345703125,394.1167297363281,298.8957214355469,2067.531005859375,568.1829223632812,60.15117263793945,495.1492614746094,328.3066711425781,296.9962158203125,2052.9697265625,,
405,498.07830810546875,394.0503845214844,298.8957214355469,2067.531005859375,,,499.0586242675781,334.90216064453125,297.05340576171875,2054.8056640625,,
406,502.1773376464844,393.9508972167969,298.8957214355469,2067.531005859375,,,500.1805725097656,341.54119873046875,297.05340576171875,2054.8056640625,,
407,502.1773376464844,393.9508972167969,298.8957214355469,2067.531005859375,,,501.5671081542969,341.50732421875,296.9962158203125,2052.9697265625,,
408,504.63916015625,400.3412170410156,298.8406982421875,2065.7197265625,,,504.0663757324219,348.0882263183594,296.9389343261719,2051.130126953125,,
409,506.0030517578125,400.3081359863281,298.0616149902344,2063.918701171875,,,508.21844482421875,347.98681640625,296.8815002441406,2049.286865234375,,
410,507.6428527832031,393.8182067871094,297.94964599609375,2060.278564453125,,,510.986572265625,347.919189453125,296.8240051269531,2047.4403076171875,,
411,507.6428527832031,393.8182067871094,296.44140625,2058.480712890625,,,511.2732238769531,341.27001953125,294.6331481933594,2047.481689453125,,
412,507.6428527832031,393.8182067871094,294.2035217285156,2056.69287109375,,,510.1717529296875,334.6302185058594,293.1114196777344,2045.6591796875,,
413,506.2764587402344,393.85137939453125,291.17108154296875,2053.079833984375,,,518.20654296875,341.10052490234375,289.3916931152344,2043.8746337890625,,
414,506.55084228515625,387.37103271484375,288.1268615722656,2049.45263671875,,,512.6598510742188,341.23614501953125,286.3291320800781,2040.2117919921875,,
415,509.28863525390625,387.30450439453125,285.8017883300781,2045.797607421875,,,514.0465087890625,341.2022399902344,284.8629455566406,2040.2396240234375,,
416,512.0264892578125,387.23797607421875,282.0751037597656,2044.0133056640625,,,524.0642700195312,334.2903137207031,281.0511169433594,2036.5765380859375,,
417,518.2786865234375,400.0103759765625,279.07354736328125,2042.2115478515625,225.23072814941406,1993.610107421875,-452.9632263183594,-151.0644989013672,278.77203369140625,2034.7467041015625,,
418,521.7676391601562,412.756591796875,276.7992248535156,2040.3924560546875,224.08311462402344,1987.739501953125,520.97998046875,341.03271484375,276.48846435546875,2032.9132080078125,,
419,525.844970703125,412.6578674316406,274.4407043457031,2036.701904296875,222.30758666992188,1983.8253173828125,522.6749877929688,334.32427978515625,274.2004699707031,2031.0760498046875,,
420,528.2510375976562,418.9803771972656,272.15521240234375,2034.8721923828125,221.14532470703125,1977.8953857421875,525.45361328125,334.2563171386719,272.0729675292969,2032.9969482421875,,
421,529.294189453125,425.3128967285156,269.86529541015625,2033.038818359375,220.11363220214844,1973.927001953125,527.9136962890625,340.86322021484375,269.6959533691406,2029.2774658203125,,
422,529.294189453125,425.3128967285156,267.57086181640625,2031.2020263671875,,,532.400390625,334.0863342285156,267.48394775390625,2029.3194580078125,,
423,529.294189453125,425.3128967285156,258.7318420410156,2031.3697509765625,,,536.568603515625,333.9843444824219,263.7066345214844,2027.50341796875,,
424,529.294189453125,425.3128967285156,252.10289001464844,2031.4957275390625,,,537.6215209960938,340.6258850097656,261.3061828613281,2023.76220703125,,
425,530.6484985351562,425.2801513671875,247.79002380371094,2033.4578857421875,,,541.7821655273438,340.524169921875,259.0877380371094,2023.8043212890625,,
426,530.6484985351562,425.2801513671875,245.58267211914062,2033.499755859375,,,542.8235473632812,347.1415710449219,256.8693542480469,2023.8465576171875,,
427,532.0027465820312,425.2474060058594,244.2207794189453,2035.4022216796875,,,544.2078857421875,347.1077575683594,253.91151428222656,2023.9027099609375,,
428,532.0027465820312,425.2474060058594,244.2207794189453,2035.4022216796875,,,545.242919921875,353.7008972167969,250.85008239746094,2022.06201171875,,
429,532.3212280273438,418.88189697265625,244.95584106445312,2035.3883056640625,,,548.006591796875,353.6334533691406,250.1099090576172,2022.0760498046875,,
430,532.3212280273438,418.88189697265625,244.95584106445312,2035.3883056640625,,,552.1522216796875,353.53228759765625,249.3697509765625,2022.090087890625,,
431,532.3212280273438,418.88189697265625,245.69088745117188,2035.3743896484375,,,555.9295043945312,360.0344543457031,249.47488403320312,2023.987060546875,,
432,535.0347290039062,418.8162536621094,246.4259490966797,2035.3604736328125,,,562.4468994140625,366.4458312988281,247.99603271484375,2024.0152587890625,435.7051696777344,550.0430908203125
433,535.1549072265625,469.0419921875,247.1610107421875,2035.346435546875,,,564.2060546875,359.8326416015625,248.946533203125,2027.7838134765625,425.8306884765625,585.3707885742188
434,536.2225341796875,499.6885986328125,247.79002380371094,2033.4578857421875,,,566.9650268554688,359.765380859375,249.57980346679688,2025.8802490234375,415.8521728515625,636.904541015625
435,536.59033203125,517.8245239257812,247.79002380371094,2033.4578857421875,,,567.9546508789062,366.3116455078125,249.47488403320312,2023.987060546875,408.94781494140625,670.402587890625
436,538.58544921875,529.767578125,247.79002380371094,2033.4578857421875,,,568.940673828125,372.833984375,248.6295928955078,2022.104248046875,400.85943603515625,708.64306640625
437,547.4485473632812,535.5203857421875,246.94725036621094,2031.593505859375,,,570.3151245117188,372.800537109375,244.81915283203125,2020.2740478515625,392.8361511230469,756.4708862304688
438,555.3196411132812,535.3329467773438,245.4742431640625,2031.62158203125,,,571.6895751953125,372.76708984375,243.4486083984375,2022.2027587890625,,
439,560.92578125,529.235107421875,244.00125122070312,2031.6495361328125,303.9776916503906,1240.8406982421875,573.0640869140625,372.733642578125,240.4881134033203,2022.259033203125,,
440,564.2843017578125,517.1633911132812,242.63958740234375,2033.5556640625,,,574.839599609375,366.1439208984375,236.16574096679688,2024.2401123046875,,
441,564.2843017578125,517.1633911132812,240.5455780029297,2035.4720458984375,,,576.2166748046875,366.1103820800781,232.59063720703125,2026.2032470703125,,
442,564.6512451171875,511.1271057128906,239.19000244140625,2037.37060546875,,,577.5936889648438,366.0768127441406,224.81700134277344,2020.654541015625,,
443,563.3300170898438,511.15869140625,229.64431762695312,2037.5517578125,202.6649627685547,1781.2293701171875,577.5936889648438,366.0768127441406,220.8461456298828,2016.9136962890625,344.7212829589844,1007.4869995117188
444,562.3724365234375,505.1328430175781,222.03955078125,2033.9466552734375,306.58056640625,1376.3333740234375,577.5936889648438,366.0768127441406,218.01388549804688,2018.877685546875,,
445,562.3724365234375,505.1328430175781,218.22608947753906,2032.138916015625,381.6888122558594,1378.1326904296875,576.2166748046875,366.1103820800781,216.53094482421875,2018.9058837890625,,
446,561.0488891601562,505.16448974609375,214.26589965820312,2028.4427490234375,186.65670776367188,1919.108154296875,576.2166748046875,366.1103820800781,210.91033935546875,2013.2713623046875,,
447,561.0488891601562,505.16448974609375,212.05250549316406,2028.4847412109375,,,574.839599609375,366.1439208984375,208.3865966796875,2009.472900390625,,
448,561.0488891601562,505.16448974609375,208.6664276123047,2022.8642578125,,,574.4385375976562,372.7001647949219,204.95584106445312,2003.7396240234375,,
449,559.7254028320312,505.1961364746094,204.5181427001953,2017.2244873046875,,,573.0640869140625,372.733642578125,201.37338256835938,2005.74462890625,302.4898986816406,1270.5845947265625
450,559.7254028320312,505.1961364746094,200.65370178222656,2015.3843994140625,,,571.6895751953125,372.76708984375,196.1475067138672,2005.8443603515625,,
451,558.4019165039062,505.227783203125,195.4537811279297,2015.4833984375,,,571.2949829101562,379.2991943359375,193.161376953125,2005.9013671875,288.5224609375,1366.5098876953125
452,557.0784912109375,505.2594299316406,191.16015625,2017.478759765625,,,570.3151245117188,372.800537109375,191.08602905273438,2007.8736572265625,282.83441162109375,1410.2740478515625
453,555.7550048828125,505.29107666015625,188.688720703125,2023.244140625,134.45040893554688,1989.4542236328125,564.8173217773438,372.9343566894531,188.76840209960938,2015.6107177734375,277.8956604003906,1439.7369384765625
454,555.7550048828125,505.29107666015625,186.23191833496094,2028.975341796875,130.98629760742188,1985.5736083984375,560.0677490234375,359.93353271484375,183.73956298828125,2017.6201171875,273.38494873046875,1477.934814453125
455,555.403076171875,511.34808349609375,184.18800354003906,2030.901611328125,226.98214721679688,1634.1781005859375,552.8087768554688,366.6806335449219,182.25547790527344,2017.6483154296875,,
456,555.7550048828125,505.29107666015625,180.67572021484375,2032.8519287109375,160.13365173339844,1869.8612060546875,550.0551147460938,366.7477111816406,177.44985961914062,2013.9088134765625,259.4991760253906,1580.1461181640625
457,554.4315795898438,505.3227233886719,177.17042541503906,2034.79833984375,124.70838928222656,1957.613525390625,547.6534423828125,360.2362365722656,174.83529663085938,2017.78955078125,254.8466033935547,1619.802734375
458,554.4315795898438,505.3227233886719,172.75778198242188,2034.882080078125,110.6029281616211,1991.8779296875,545.9247436523438,366.84832763671875,175.57730102539062,2017.7755126953125,251.10427856445312,1655.447509765625
459,553.1080932617188,505.3543701171875,168.1609649658203,2033.0894775390625,,,544.5480346679688,366.8818664550781,170.3833770751953,2017.874267578125,,
460,551.78466796875,505.3860168457031,163.74423217773438,2033.17333984375,216.1475830078125,1783.3680419921875,543.1712646484375,366.9154052734375,162.5808563232422,2014.1920166015625,240.33734130859375,1736.2447509765625
461,548.797607421875,511.5058898925781,160.60794067382812,2031.349365234375,241.64874267578125,1728.669189453125,543.1712646484375,366.9154052734375,155.3459014892578,2016.2470703125,237.07164001464844,1738.81494140625
462,547.4765625,511.5374450683594,157.46551513671875,2029.52197265625,275.8738708496094,1657.63818359375,543.1712646484375,366.9154052734375,155.1468963623047,2014.3336181640625,231.97679138183594,1738.91650390625
463,546.155517578125,511.56903076171875,155.05520629882812,2027.6767578125,313.259033203125,1581.917724609375,544.2024536132812,373.4361267089844,153.66014099121094,2014.3619384765625,227.731201171875,1739.0010986328125
464,546.155517578125,511.56903076171875,153.379150390625,2025.8140869140625,352.25067138671875,1504.1287841796875,544.2024536132812,373.4361267089844,152.1734161376953,2014.3902587890625,223.78515625,1744.0726318359375
465,542.5075073242188,456.44256591796875,152.6401824951172,2025.828125,394.900390625,1417.7869873046875,543.8582153320312,379.9664306640625,149.40489196777344,2016.3602294921875,218.0110321044922,1746.6756591796875
466,540.1287231445312,425.0509948730469,152.6401824951172,2025.828125,439.64990234375,1325.1751708984375,542.4864501953125,379.9997863769531,149.19998168945312,2014.4468994140625,213.0953369140625,1749.2557373046875
467,535.6849975585938,406.0155334472656,150.42330932617188,2025.8702392578125,,,541.1148071289062,380.03314208984375,145.15817260742188,2018.3544921875,,
468,533.606689453125,393.1878662109375,148.4111328125,2027.8031005859375,,,537.3314819335938,373.6033630371094,138.57781982421875,2012.728271484375,,
469,529.8236694335938,386.8055419921875,144.19052124023438,2029.774169921875,,,534.2564697265625,380.1999206542969,138.05015563964844,2014.6593017578125,,
470,527.0855102539062,386.8720703125,139.76577758789062,2029.858154296875,,,529.4044189453125,367.25079345703125,137.73977661132812,2018.4957275390625,195.28759765625,1771.6998291015625
471,521.6093139648438,387.0051574707031,136.81602478027344,2029.914306640625,,,524.9644165039062,373.9043884277344,134.417724609375,2008.9542236328125,191.83741760253906,1781.44384765625
472,517.2079467773438,393.58599853515625,135.34117126464844,2029.9422607421875,,,523.59033203125,373.9378356933594,134.33370971679688,2014.7301025390625,187.40225219726562,1788.73193359375
473,512.82275390625,400.1427307128906,138.50489807128906,2031.769287109375,,,518.09423828125,374.07159423828125,134.11366271972656,2012.8133544921875,,
474,507.6428527832031,393.8182067871094,148.08248901367188,2031.5872802734375,,,513.1744384765625,361.0769348144531,133.5325469970703,2001.2181396484375,179.83229064941406,1807.849853515625
475,503.543701171875,393.917724609375,152.1022491455078,2027.73291015625,,,509.0374450683594,361.17779541015625,132.18124389648438,2008.996826171875,176.31033325195312,1814.946533203125
476,499.44464111328125,394.0172119140625,153.91888427734375,2023.9053955078125,,,506.279541015625,361.2450256347656,,,171.92393493652344,1732.5831298828125
477,495.0921936035156,400.5727844238281,144.09396362304688,2022.190185546875,,,503.52166748046875,361.3122863769531,118.83846282958984,1997.59912109375,172.19818115234375,1694.140380859375
478,493.7283935546875,400.6058654785156,134.46926879882812,2022.373291015625,,,499.6492004394531,354.8135681152344,122.30581665039062,2001.4324951171875,169.84849548339844,1632.5885009765625
479,491.0008239746094,400.6720275878906,125.35762023925781,2020.6409912109375,,,496.8863830566406,354.8809814453125,117.09960174560547,1995.6767578125,171.91029357910156,1590.525390625
480,489.880615234375,394.2494201660156,116.9701919555664,2018.89111328125,,,494.37860107421875,348.3248596191406,111.84516143798828,1995.7772216796875,,
481,487.38763427734375,387.836669921875,110.5506591796875,2015.1832275390625,,,491.61077880859375,348.3924560546875,111.09454345703125,1995.79150390625,166.8081817626953,1425.8387451171875
482,484.88555908203125,381.40057373046875,106.5875473022461,2013.337890625,,,485.8355712890625,355.1506652832031,110.35638427734375,1989.9151611328125,165.54458618164062,1382.692626953125
483,480.77203369140625,381.5006103515625,104.1058578491211,2011.4605712890625,,,481.92376708984375,348.6290588378906,107.34149932861328,1995.86328125,164.98471069335938,1334.5264892578125
484,478.02972412109375,381.5672912597656,100.12860107421875,2009.6080322265625,,,479.38397216796875,342.04962158203125,100.77643585205078,1974.216064453125,163.87844848632812,1277.224365234375
485,473.9163818359375,381.6673278808594,96.4019775390625,2009.6790771484375,,,476.6112976074219,342.1174011230469,100.79293060302734,1980.2017822265625,162.75537109375,1232.5760498046875
486,471.1742248535156,381.7340087890625,96.88957214355469,2007.737548828125,,,473.83868408203125,342.1851806640625,100.809326171875,1986.1512451171875,,
487,469.80316162109375,381.7673645019531,96.88957214355469,2007.737548828125,,,471.2793273925781,335.5818786621094,97.55796813964844,1990.1600341796875,162.79779052734375,1126.3826904296875
488,468.4320983886719,381.80072021484375,97.89261627197266,2009.650634765625,,,468.5016784667969,335.64984130859375,98.82752990722656,1994.0665283203125,,
489,467.0610656738281,381.83404541015625,99.63825988769531,2011.5457763671875,,,468.5016784667969,335.64984130859375,99.34220123291016,1997.9716796875,,
490,467.0610656738281,381.83404541015625,100.38285064697266,2011.5316162109375,,,467.1128845214844,335.6838073730469,99.85482025146484,2001.8612060546875,,
491,465.6900329589844,381.8674011230469,100.87393188476562,2009.5938720703125,,,467.1128845214844,335.6838073730469,101.60549926757812,2003.7716064453125,,
492,465.6900329589844,381.8674011230469,102.1120834350586,2007.637939453125,,,467.1128845214844,335.6838073730469,102.34146881103516,1997.914306640625,160.33633422851562,920.3182983398438
493,465.4897155761719,388.3687438964844,102.60587310791016,2005.6925048828125,,,465.92779541015625,329.0223083496094,101.3368148803711,1995.97802734375,161.15147399902344,896.5857543945312
494,464.1212158203125,388.4019775390625,102.84809875488281,2001.8040771484375,,,464.3352966308594,335.75177001953125,101.08148193359375,1994.0234375,161.6729278564453,867.621826171875
495,462.947998046875,381.93408203125,102.84809875488281,2001.8040771484375,,,460.16900634765625,335.8537292480469,100.82563018798828,1992.06494140625,162.20436096191406,838.102783203125
496,459.21270751953125,368.96075439453125,101.09689331054688,1999.8897705078125,,,457.3915710449219,335.92169189453125,98.05162811279297,1988.1793212890625,,
497,452.68792724609375,355.9595947265625,97.09278869628906,1998.0146484375,,,452.0147399902344,329.3630676269531,95.7909164428711,1988.2225341796875,,
498,445.9488525390625,349.50775146484375,96.313232421875,1992.1512451171875,,,445.0586853027344,329.5334167480469,93.49180603027344,1982.328857421875,,
499,438.7260437011719,362.8921813964844,95.07101440429688,1994.1383056640625,,,439.3393249511719,336.3634033203125,92.73596954345703,1982.3433837890625,,
500,431.9742736816406,356.4651184082031,94.3197250366211,1994.1527099609375,,,439.49407958984375,329.669677734375,91.44641876220703,1978.3896484375,,
501,426.19232177734375,369.7651672363281,92.55300903320312,1992.22314453125,,,428.2313232421875,336.63519287109375,89.39276885986328,1974.4344482421875,164.11776733398438,708.7733764648438
502,418.0523376464844,363.396240234375,92.55300903320312,1992.22314453125,,,424.0660095214844,336.73712158203125,91.13291931152344,1970.3902587890625,165.65988159179688,692.4969482421875
503,411.2633972167969,356.97052001953125,94.5467300415039,1990.2176513671875,,,419.90081787109375,336.8390197753906,95.9594955444336,1972.3050537109375,165.02206420898438,681.5940551757812
504,408.5021667480469,357.03790283203125,96.54448699951172,1988.2081298828125,,,421.2892150878906,336.8050537109375,98.23857116699219,1972.2613525390625,166.9001922607422,670.558837890625
505,407.1215515136719,357.0716247558594,99.55879211425781,1988.1505126953125,,,418.6285400390625,330.1806945800781,100.01750183105469,1974.2305908203125,168.79104614257812,659.4489135742188
506,407.5972900390625,323.73675537109375,102.0749282836914,1990.0736083984375,,,418.6285400390625,330.1806945800781,101.5353775024414,1974.2015380859375,168.4747314453125,653.8954467773438
507,406.4857482910156,303.4712829589844,105.08631896972656,1990.0159912109375,,,414.4557800292969,330.2828674316406,106.34196472167969,1976.108642578125,169.426025390625,648.2933349609375
508,403.7727355957031,296.72314453125,108.34657287597656,1991.9210205078125,,,408.89227294921875,330.41912841796875,108.86663055419922,1978.0556640625,,
509,396.4502868652344,324.0099792480469,111.35505676269531,1991.863525390625,,,404.71978759765625,330.52130126953125,111.89643096923828,1977.99755859375,,
510,387.9714660644531,337.62030029296875,115.32982635498047,1999.617919921875,,,396.5257263183594,317.2693176269531,113.65631103515625,1979.9552001953125,,
511,380.9847717285156,344.4551696777344,117.30533599853516,2003.471923828125,,,389.5462951660156,317.4405212402344,116.68314361572266,1979.897216796875,,
512,375.4070129394531,351.23077392578125,118.32640075683594,1999.5606689453125,,,388.15045166015625,317.47479248046875,118.95330810546875,1979.853759765625,,
513,371.25848388671875,351.3321228027344,118.83846282958984,1997.59912109375,,,381.17138671875,317.64599609375,122.21632385253906,1981.7786865234375,,
514,368.51611328125,344.760009765625,119.82470703125,1999.5321044921875,,,378.3798522949219,317.7144775390625,125.64614868164062,1991.5902099609375,,
515,367.1307678222656,344.79388427734375,120.8089828491211,2001.4610595703125,,,376.9841003417969,317.74871826171875,127.673583984375,1989.5838623046875,,
516,367.1307678222656,344.79388427734375,120.57386779785156,1999.5177001953125,159.5369110107422,376.2612609863281,376.9841003417969,317.74871826171875,129.4071807861328,1991.518310546875,,
517,365.74542236328125,344.8277282714844,120.4236831665039,1985.7757568359375,159.1064910888672,343.22027587890625,374.1926574707031,317.8172302246094,129.9324951171875,1989.5406494140625,,
518,362.97479248046875,344.8954772949219,125.70489501953125,1985.6746826171875,156.89743041992188,302.79620361328125,372.79693603515625,317.8514709472656,131.7407989501953,1985.55908203125,,
519,361.6000061035156,338.26556396484375,131.2126007080078,1987.544677734375,156.0557098388672,261.4193420410156,368.633544921875,311.19024658203125,136.48886108398438,1987.4437255859375,,
520,360.212158203125,338.2995300292969,135.20339965820312,1989.4398193359375,155.5780487060547,226.20797729492188,365.8185729980469,318.0226745605469,137.02239990234375,1985.4580078125,,
521,356.0486755371094,338.4013977050781,138.4340362548828,1991.345703125,153.25550842285156,183.09927368164062,360.2441711425781,311.396240234375,139.5039520263672,1987.385986328125,,
522,353.2731018066406,338.46929931640625,142.0872344970703,1997.155029296875,152.34307861328125,138.94252014160156,356.04986572265625,304.71087646484375,141.98056030273438,1989.3101806640625,,
